"","Name","Brands","Discounted_Price","Original_Price","Ratings","Sponsorship"
"0","Men's Limited Edition Save The Data T-Shirt | Professionally Me White Tech Graphic Tee | 200gsm Polyester with UPF 50+ & Moisture-Wicking | Unique Printed Tshirt for IT Data Professionals","ABLING","999","1,499","No Rating","Sponsered"
"1","Data Nerd T-Shirt, 100% Cotton T-Shirts for Programmer, Coding, Developer, Software Mens, Round Neck T Shirts for Women, Half Sleeve Tshirt for Men","DUDEME","499","1,000","4.2","Not Sponsered"
"2","Trust A Data Scientist Tee – Men's Smart Casual Lounge Round Neck Black T-Shirt for Tech Enthusiasts, Super Combed Cotton 200gsm+ Fabric, Graphic Print Tshirts, Professional Humor","ABLING","499","1,599","No Rating","Not Sponsered"
"3","Men's Regular Fit T-Shirt Talk Data to Me - Data Scientist Funny 100% Cotton T-Shirt","Heybroh","499","1,199","No Rating","Not Sponsered"
"4","Men Athleisure Smart Tech T-Shirt - Easy Stain Release, Anti Stat, Ultra Soft","Van Heusen","399","599","4.1","Not Sponsered"
"5","Men's Solid Regular Fit T-Shirt","DAMENSCH","419
                       
                        .","649","4.2","Not Sponsered"
"6","Sports T Shirt for Men Quick Dry Fit Regular Fit Tshirt for Men Gym T Shirts for Men for Casual Wear Workout T Shirts for Man Active Gym Wear for Men Running T-Shirts for Men T Shirt for Man","Boldfit","399","999","4.2","Not Sponsered"
"7","IM21 Men's Super Combed Supima Cotton Solid Round Neck Half Sleeve T-Shirt","Jockey","899","999","4.0","Not Sponsered"
"8","Plus Size T-shirt, Pocket Panda Unisex T-Shirt, Round neck, Regular","Toodlegram","899","1,000","4.1","Not Sponsered"
"9","in My World 1 + 1 = 10 T-Shirt, 100% Cotton T-Shirts for Programmer, Coding, Developer, Software Mens, Round Neck T Shirts for Women, Half Sleeve Tshirt for Men","DUDEME","499","899","4.2","Not Sponsered"
"10","Makeitbharat Oversized Pure Cotton White T Shirt - Data Analytics Design","Generic","449","600","No Rating","Not Sponsered"
"11","Funny Spreadsheet T-Shirt, Data Analyst Tee, Accountant Gift, Office Humor Shirt, Casual Graphic Top, Unisex Tee","Seek Buy Love","449","1,000","No Rating","Not Sponsered"
"12","I Predict The Future T-Shirt, 100% Cotton T-Shirts for Programmer, Coding, Developer, Software Mens, Round Neck T Shirts for Women, Half Sleeve Tshirt for Men …","DUDEME","549","1,999","3.6","Not Sponsered"
"13","Unisex Round Neck Graphic ' Types of People | There are Two Types of People Those That can Extrapolate from Incomplete Data' Polyester T-Shirt White","Generic","449","1,499","No Rating","Not Sponsered"
"14","T-Shirt & Shorts for Men","Aqua Holic","449","333","3.0","Not Sponsered"
"15","Men's Graphic Printed Regular Fit Cotton T-Shirt (Pack of 3)","NOBERO","449","3,499","No Rating","Not Sponsered"
"16","Black Cotton Maths Science Printed T-Shirt: Flaunt Your Passion | Perfect for Science & Math Enthusiasts | Ideal Gas Law","Generic","499","999","No Rating","Not Sponsered"
"17","Men's Limited Edition Save The Data T-Shirt | Professionally Me White Tech Graphic Tee | 200gsm Polyester with UPF 50+ & Moisture-Wicking | Unique Printed Tshirt for IT Data Professionals","ABLING","299","1,499","5.0","Not Sponsered"
"18","Binary Tree Coder Programmer, Developer, Computer Science summer-22 Mens Tshirts Halfsleeve, S","Quirkipedia","499","799","3.8","Not Sponsered"
"19","Men's Athletic Fit Compression Full Sleeve Plain T-shirt for Multi Sports Cycling, Cricket, Football, Badminton & Fitness","NEVER LOSE","380","999","4.0","Not Sponsered"
"20","Men's Geometric Regular Fit T-Shirt (PM508772_White Invalid Data)","Pepe Jeans","649","1,599","No Rating","Not Sponsered"
"21","Men Printed Regular Fit T-Shirt | Tech T-Shirt for Men | Printed T-Shirt for Boys | Cotton T-Shirt for Men|Tech Green Round Neck Half Sleeve T-Shirt","JAVA IMPRESSIONS","969","899","1.0","Not Sponsered"
"22","Unisex Round Neck Graphic 'Types of People | There are Two Types of People Those That can Extrapolate from Incomplete Data' Polyester T-Shirt White [Size XXS/34in to 7XL/56in]","UDNAG","429","1,999","No Rating","Not Sponsered"
"23","Unisex Round Neck Graphic 'Big Data | i Cannot Big Data' Polyester T-Shirt White [Size 2YrsOld/22in to 7XL/56in]","UDNAG","999","1,999","5.0","Not Sponsered"
"24","Limited Edition Authentically Me Nature's Reflection Multi Colour T-Shirt","ABLING","399","1,499","No Rating","Not Sponsered"
"25","Men's Round Neck Cotton Half Sleeved T-Shirt with Printed Graphics - Smile Data","Caseria","699
                       
                        .","999","5.0","Sponsered"
"26","Men's God Cotton Printed Cotton T-Shirt (R21-M-GOD-SB_Teal_3XL)","ADRO","649","1,499","5.0","Sponsered"
"27","Men Cotton Feel Super Stretchy Slim fit Polyester T Shirt","DOMIN8","649","1,499","4.1","Sponsered"
"28","Men's Round Neck Cotton Half Sleeved T-Shirt with Printed Graphics - Science It's Like Magic","Caseria","499","999","3.9","Sponsered"
"29","Men's Regular Fit T-Shirt","ADRO","879","1,499","No Rating","Not Sponsered"
"30","Men's Round Neck Cotton Half Sleeved T-Shirt with Printed Graphics - Data Lion","Caseria","499","999","No Rating","Not Sponsered"
"31","Black Cotton Maths Science Printed T-Shirt: Flaunt Your Passion | Perfect for Science & Math Enthusiasts | Data > Opinion","Generic","699","999","4.2","Not Sponsered"
"32","Men's Color Block Active Regular Fit T-Shirt","Amazon Brand - Symbol","499","699","4.2","Not Sponsered"
"33","Graphic Printed T-Shirt for Men & Women | Funny Quote T-Shirts Eat, Sleep,Code,Repeat | Hindi Slogan Coders Tshirts | Round Neck Tees | 100% Cotton T Shirts | Half Sleeve Tshirt","Workshop","649","999","3.8","Not Sponsered"
"34","Football Meesii 10 interr Jersey T-Shirt with Black Shorts 2023-24 (Kid's & Men's)","Generic","399","999","No Rating","Not Sponsered"
"35","Science T-shirt – 100% Cotton Round Neck Graphic Printed T-Shirts for Men & Women , Half Sleeve with Formula of Avoid Negativity Quote Physics , Chemistry , Computer Science , Engineering","Qworld","599","999","No Rating","Not Sponsered"
"36","Unisex Round Neck Graphic '| i Like Big Data and i Cannot Lie' Polyester T-Shirt White [Size 2YrsOld/22in to 7XL/56in]","UDNAG","499","1,999","3.9","Not Sponsered"
"37","100% Breathable Cotton Girls/Boys Full Sleeve T-Shirt Combo Pack of 2","MYO","399","1,299","No Rating","Not Sponsered"
"38","Women's Oversized T-Shirt Talk Data to Me - Data Scientist Funny 100% Cotton","Heybroh","360","1,299","3.7","Not Sponsered"
"39","Men's Solid Henley Neck Slim Fit Full Sleeve Cotton T-Shirt","Urbano Fashion","399","1,199","No Rating","Not Sponsered"
"40","Wisp Black Buttons Pure Cotton Henley T-Shirt | 100% Classic Collar Ideal for Casual Outings & Travel","KINGDOM OF WHITE","649","999","No Rating","Not Sponsered"
"41","Science T-shirt – 100% Cotton Round Neck Graphic Printed T-Shirts for Men & Women, Half Sleeve T-Shirt with Formula of Gravity Quote Physics , Chemistry , Computer Science, Engineering (Large, Dark Navy)","Qworld","499","999","No Rating","Not Sponsered"
"42","Science T-Shirt – 100% Cotton Round Neck Graphic Printed T-Shirts for Men & Women, Half Sleeve T-Shirt with Formula of Heisenberg Quote Physics, Chemistry, Engineering","Qworld","649","999","No Rating","Not Sponsered"
"43","Funny Accountant T-Shirt, Ohh This Calls for A Spreadsheet, Office Humor Tee, Spreadsheet Geek Gift, Casual Workwear, Unisex Shirt","Seek Buy Love","649","600","3.3","Not Sponsered"
"44","Men's Geometric Fitted T-Shirt","Reebok","449","1,599","No Rating","Not Sponsered"
"45","Funny Spreadsheet T-Shirt, Quirky Office Humor Tee, Excel Geek Graphic Shirt, Casual Work Apparel","Seek Buy Love","449","600","3.3","Not Sponsered"
"46","0017 T-Shirts for Men's","THE BLAZZE","449","233","No Rating","Not Sponsered"
"47","Relax Spreadsheet Funny T-Shirt, Accountant Financial Analyst Tee, Casual Office Humor Graphic Shirt, Unisex Cotton Top","Seek Buy Love","449","1,999","3.6","Not Sponsered"
"48","Science T-Shirt – 100% Cotton Round Neck Graphic Printed T-Shirts for Men & Women, Half Sleeve with Formula of Avoid Negativity Quote Physics, Chemistry, Computer Science, Engineering","Qworld","449","600","No Rating","Not Sponsered"
"49","Women Printed Regular Fit T-Shirt |Tech Printed T-Shirt |Tech Printed T-Shirt for Girls | Printed Top for Girls |Tech Cotton T-Shirt Yellow","JAVA IMPRESSIONS","399","999","No Rating","Not Sponsered"
"50","Science T-Shirt – 100% Cotton Round Neck Graphic Printed T-Shirts for Men & Women, Half Sleeve T-Shirt with Formula of Biology Quote Physics, Chemistry, Computer Science, Engineering","Qworld","582","899","4.5","Not Sponsered"
"51","Graphic Printed T-Shirt for Men & Women | Reboot Sucsess Original T-Shirt Funny Quotes Gifts for Friends Birthday Friendship Day etc.","Workshop","599","999","No Rating","Not Sponsered"
"52","Bank of Baroda Logo Printed Polo/Collar Half Sleeve T-Shirt for Bank of Baroda Bank Staff Employee Promotion T Shirt for Men and Women","I AM ROMPER","499","999","No Rating","Not Sponsered"
"53","Men's Solid Slim Fit T-Shirt (OR17_Capri Blue L)","TECHNOSPORT","519","1,299","5.0","Not Sponsered"
"54","ICICI Bank Logo Printed Polo/Collar Half Sleeve T-Shirt for ICICI Bank Staff Employee Promotion T Shirt for Men and Women","I AM ROMPER","449","1,299","No Rating","Not Sponsered"
"55","Science T-Shirt – 100% Cotton Round Neck Graphic Printed T-Shirts for Men & Women, Half Sleeve with Mathematics Quote Physics, Chemistry, Computer Science, Engineering","Qworld","649","999","5.0","Not Sponsered"
"56","Limited Edition Men's Round Neck T-Shirt - ROAS Expression Graphic 200gsm+ Super Combed Cotton Wine TShirts Casual & Stylish Digital & Performance Marketer Lounge & Work Printed Tee","ABLING","649","1,499","No Rating","Not Sponsered"
"57","Science T-shirt – 100% Cotton Round Neck Graphic Printed T-Shirts for Men & Women , Half Sleeve with Formula of Avoid Negativity Quote Physics , Chemistry , Computer Science , Engineering (Medium, Dark Navy)","Qworld","399","999","2.7","Not Sponsered"
"58","Science T-Shirt – 100% Cotton Round Neck Graphic Printed T-Shirts for Men & Women, Half Sleeve T-Shirt with Formula of Gravity Quote Physics, Chemistry, Computer Science, Engineering (Small, Dark Navy)","Qworld","399","999","3.7","Sponsered"
"59","Men's Regular Fit T-Shirt","ADRO","519","1,499","3.8","Sponsered"
"60","Men's Round Neck Cotton Half Sleeved T-Shirt with Printed Graphics - Science Formula","Caseria","552","999","3.8","Sponsered"
"61","Tshirt for Men | Printed T Shirt for Men | 100% Cotton Regular Fit T-Shirt |Printed T Shirt","ADRO","749","1,499","3.8","Sponsered"
"62","Men's Regular Fit T-Shirt","ADRO","799","1,499","4.2","Sponsered"
"63","Men's Round Neck Cotton Half Sleeved T-Shirt with Printed Graphics - Chemistry Jokes","Caseria","499","999","4.2","Sponsered"
"64","Sports T Shirt for Men Quick Dry Fit Regular Fit Tshirt for Men Gym T Shirts for Men for Casual Wear Workout T Shirts for Man Active Gym Wear for Men Running T-Shirts for Men T Shirt for Man","Boldfit","1,299","999","4.1","Sponsered"
"65","Men Athleisure Smart Tech T-Shirt - Easy Stain Release, Anti Stat, Ultra Soft","Van Heusen","499","599","5.0","Sponsered"
"66","Men's Graphic Printed Oversized Loose Fit Heavy Cotton T-Shirt","NOBERO","395","999","4.2","Sponsered"
"67","Men Cotton Feel Super Stretchy Slim fit Polyester T Shirt","DOMIN8","567","1,499","No Rating","Sponsered"
"68","Men's Solid Regular Fit T-Shirt","DAMENSCH","399","599","No Rating","Sponsered"
"69","Divra Clothing Regular Fit Comfortable Pure Cotton Round Neck T-Shirt Tee for Men & Boys","HOODMASTAR","649","1,299","No Rating","Not Sponsered"
"70","Men's Solid Regular Fit T-Shirt","DOMIN8","395","1,299","3.5","Not Sponsered"
"71","Science T-Shirt – 100% Cotton Round Neck Graphic Printed T-Shirts for Men & Women, Half Sleeve with Mathematics Quote Physics, Chemistry, Computer Science, Engineering (X-Large, Black)","Qworld","5,836","999","1.0","Not Sponsered"
"72","Sports Soccer Football Mbappe 7 Messi Neymar Black Jersey Football T-Shirt with Shorts 2023-24(Kid's, Boy's & Men's)","Generic","599","999","4.2","Not Sponsered"
"73","AXIS Bank Logo Printed Polo/Collar Half Sleeve T-Shirt for AXIS Bank Staff Employee Promotion T Shirt for Men and Women","I AM ROMPER","399","1,299","4.1","Not Sponsered"
"74","Men's Solid Regular Fit T-Shirt","DAMENSCH","500","649","4.0","Not Sponsered"
"75","Regular Fit Cotton Blend Tshirt Half Sleeve Crew Neck Comfortable Casual Lightweight Premium Vortex Elemental Breeeze Tshirts for Men Pack of 1","DAMENSCH","647","649","4.1","Not Sponsered"
"76","IM21 Men's Super Combed Supima Cotton Solid Round Neck Half Sleeve T-Shirt","Jockey","499","999","4.0","Not Sponsered"
"77","Plus Size T-shirt, Pocket Panda Unisex T-Shirt, Round neck, Regular","Toodlegram","499","1,000","No Rating","Not Sponsered"
"78","SpaceX T-Shirt, 100% Cotton T-Shirts for Programmer, Coding, Developer, Software Mens, Round Neck T Shirts for Women, Half Sleeve Tshirt for Men","DUDEME","749","1,499","3.6","Not Sponsered"
"79","Diverge Black Tipping Polo Collar Pure Cotton White T-Shirt | 100% Cotton | Contrast Metal Zipper | Pique Knit | Ideal for Casual Workdays & Lounging","KINGDOM OF WHITE","599","999","No Rating","Not Sponsered"
"80","Graphic Printed T-Shirt for Men & Women | Funny Quote T-Shirt | Human Evolution T-Shirt | Sarcasam T-Shirt | Half Sleeve | Round Neck T Shirt | 100% Cotton T-Shirt | Funny Tee Shirt","Workshop","499","1,299","3.5","Not Sponsered"
"81","YES Bank Logo Printed Polo/Collar Half Sleeve T-Shirt for YES Bank Staff Employee Promotion T Shirt for Men and Women","I AM ROMPER","599","945","1.5","Not Sponsered"
"82","Stardust Men Half Sleeve Cotton T-Shirt","Duke","449","999","No Rating","Not Sponsered"
"83","All E-Money Logo Printed Polo/Collar Half Sleeve T-Shirt for E-Money Staff Employee Promotion T Shirt for Men and Women","I AM ROMPER","499","999","3.2","Not Sponsered"
"84","Science T-Shirt – 100% Cotton Round Neck Graphic Printed T-Shirts for Men & Women, Half Sleeve T-Shirt with Formula of Gravity Quote Physics, Chemistry, Computer Science, Engineering Black","Qworld","499","1,299","4.6","Not Sponsered"
"85","Union Bank Logo Printed Polo/Collar Half Sleeve T-Shirt for Union Bank Staff Employee Promotion T Shirt for Men and Women","I AM ROMPER","449","1,199","5.0","Not Sponsered"
"86","Mens T-Shirt Two Kinds of People - Incomplete Data","Blittzen","899","1,299","No Rating","Not Sponsered"
"87","Bengaluru Logo T-Shirt","1947IND.","499","999","4.0","Not Sponsered"
"88","IDBI Bank Logo Printed Polo/Collar Half Sleeve T-Shirt for IDBI Bank Staff Employee Promotion T Shirt for Men and Women","I AM ROMPER","999","1,295","5.0","Not Sponsered"
"89","Developer Tshirts Printed T-Shirt for Men & Women | My Comfort Zone | Science | Programmer Tshirts | Coding Tshirt | Half Sleeve T-Shirt |Tshirts for Coders | Engineer Tshirt","T-shirt Truck","399","999","4.5","Not Sponsered"
"90","Stardust Men Half Sleeve Cotton T-Shirt","Duke","649","1,000","4.1","Sponsered"
"91","Graphic Printed T-Shirt for Men & Women | Funny Quote T-Shirts Coding Coder T Shirt | Hindi Slogan Java Developer Tshirts | Round Neck Tees | 100% Cotton T Shirts | Half Sleeve Tshirt","Workshop","449","1,199","4.0","Sponsered"
"92","Trust Me I'm a Programmer Half Sleeve 100% Cotton 180 GSM T-Shirt","DUDEME","499","1,000","No Rating","Sponsered"
"93","IM21 Men's Super Combed Supima Cotton Solid Round Neck Half Sleeve T-Shirt","Jockey","449","999","3.9","Sponsered"
"94","Men's Round Neck Cotton Blend Half Sleeve","SUBHEE","399","899","No Rating","Not Sponsered"
"95","Born to Code T-Shirt, 100% Cotton T-Shirts for Programmer, Coding, Developer, Software Mens, Round Neck T Shirts for Women, Half Sleeve Tshirt for Men","DUDEME","499","999","No Rating","Not Sponsered"
"96","Science T-Shirt – 100% Cotton Round Neck Graphic Printed T-Shirts for Men & Women, Half Sleeve T-Shirt with Formula of Biology Quote Physics, Chemistry, Computer Science, Engineering Dark Navy","Qworld","599","999","5.0","Not Sponsered"
"97","Oversized Pure Cotton Black T Shirt - Texas","MakeitBharat","599","999","3.7","Not Sponsered"
"98","Graphic Printed T-Shirt for Men & Women | Funny Urban Quote T-Shirts Coder Tshirt | Hindi Slogan Tee Algorithm Tshirts | Round Neck Tees | 100% Cotton T Shirts | Short Sleeve Tshirt","Workshop","824","1,299","5.0","Not Sponsered"
"99","Graphic Printed T-Shirt for Men & Women | Saitama from one Punch Man says ok Manga, Punch, one, Hero Anime t Shirts","Workshop","448","999","No Rating","Not Sponsered"
"100","Graphic Printed T-Shirt for Men & Women | I Make Bugs That no one can debug Tshirt Unisex Geek Coder tees","Workshop","499","2,000","4.3","Not Sponsered"
"101","Women's Crop Top Talk Data to Me - Data Scientist Funny 100% Cotton","Heybroh","499","1,299","3.7","Not Sponsered"
"102","Graphic Printed T-Shirt for Men & Women | Funny Quote T-Shirts Relex Coder is here | Keep Calm Coding Tshirts | Round Neck Tees | 100% Cotton T Shirts | Half Sleeve Java Tshirt","Workshop","499","999","4.0","Not Sponsered"
"103","Programmers Life No Hugs and Kisses Only Bugs and Fixes | Geek Unisex Hoodie | Coding Hoodie for Coders | Programmer Hoodie","DUDEME","989
                       
                        .","999","No Rating","Not Sponsered"
"104","LIC Logo Printed Polo/Collar Half Sleeve T-Shirt for LIC Staff Employee Promotion T Shirt for Men and Women","I AM ROMPER","649","999","4.6","Not Sponsered"
"105","Science T-Shirt – 100% Cotton Round Neck Graphic Printed T-Shirts for Men & Women, Half Sleeve T-Shirt with Formula of Gravity Quote Physics, Chemistry, Computer Science, Engineering Black","Qworld","449","999","5.0","Not Sponsered"
"106","Graphic Printed T-Shirt for Men & Women | Geek T-Shirt Funny Quotes geekers Birthday Best Gifts Tees","Workshop","499","1,299","2.8","Not Sponsered"
"107","Graphic Printed T-Shirt for Men & Women | Kyubi Naruto Seal T-Shirt Hokage Ninja Kyubi Kurama Seal Mark Naruto Tshirts","Workshop","698","999","4.5","Not Sponsered"
"108","Men's Round Neck Cotton Half Sleeved T-Shirt with Printed Graphics - Last Name is Khan","Caseria","499","999","4.8","Not Sponsered"
"109","PNB Bank Logo Printed Polo/Collar Half Sleeve T-Shirt for PNB Bank Staff Employee Promotion T Shirt for Men and Women","I AM ROMPER","599","999","No Rating","Not Sponsered"
"110","Graphic Printed T-Shirt for Men & Women | Funny Quote Cotton T-Shirt I am Freelancer Sarcasam T-Shirt | Swag T Shirt | Round Neck T Shirts Short Sleeve tees","Workshop","599","1,499","No Rating","Not Sponsered"
"111","Science T-Shirt – 100% Cotton Round Neck Graphic Printed T-Shirts for Men & Women, Half Sleeve Love is Complex Quote Physics, Chemistry, Computer Science, Engineering","Qworld","499","999","4.0","Not Sponsered"
"112","Science T-Shirt – 100% Cotton Round Neck Graphic Printed T-Shirts for Men & Women, Half Sleeve with Quote of Physics, Chemistry, Computer Science, Engineering","Qworld","399","999","4.4","Not Sponsered"
"113","Moon Black Mandarin Collar Pure Cotton White T-Shirt | 100% Cotton | Contrast Collar & Zipper Detail | Perfect for Casual Outings & Relaxing Journeys","KINGDOM OF WHITE","697","999","4.5","Not Sponsered"
"114","Graphic Printed T-Shirt for Men & Women | Funny Quote T-Shirts Java Developer T Shirt | Programming and Coding Tshirts | Round Neck Tees | 100% Cotton T Shirts | Half Sleeve Tshirt","Workshop","2,490","699","4.4","Not Sponsered"
"115","Workshop Graphic Printed T-Shirt for Men & Women | Geek Tshirts, Big Bang Theory Funny Quotes Tees TBBT octor Sheldon Cooper","Workshop","499","1,499","No Rating","Not Sponsered"
"116","Graphic Printed T-Shirt for Men & Women | Kakashi Sensei t Shirts, Kakashi Hatake Manga, Anime Tshirts","Workshop","379","1,999","3.9","Not Sponsered"
"117","If You are Waiting for The Right Time It's Now Quotes T-Shirt for Men - Full Sleeve","High on Soda","599","1,299","2.7","Not Sponsered"
"118","Converge Black & Red Striped Polo Neck Cotton White T-Shirt | 100% Cotton | Distinctive Contrast Collar & Cuff | Perfect for Casual Days, Brunches & Outdoor Events","KINGDOM OF WHITE","449","999","5.0","Not Sponsered"
"119","PSG Paris Germain Saint Black Football Jersey Set T-Shirt and Shorts","SPORTYWAY","568","1,999","4.5","Not Sponsered"
"120","Bank of Baroda Logo Printed Polo/Collar Half Sleeve T-Shirt for Bank of Baroda Staff Employee Promotion T Shirt for Men and Women","American Apple","499","999","3.4","Not Sponsered"
"121","Graphic Printed T-Shirt for Men & Women | Naruto t Shirts Takashi, Manga Anime tee Shirts","Workshop","799","999","5.0","Not Sponsered"
"122","Men's Sports Running Set Compression Shirt + Pants Skin-Tight Long Sleeves Quick Dry Fitness Tracksuit Gym Yoga Suits (Set of 2)","JUST RIDER","499","999","No Rating","Not Sponsered"
"123","Graphic Printed T-Shirt for Men & Women | Funny Quote T-Shirts Hard Coder T Shirt | Hindi Slogan Java Developer Tshirts | Round Neck Tees | 100% Cotton T Shirts | Half Sleeve Tshirt","Workshop","599","999","No Rating","Not Sponsered"
"124","Unisex T-Shirt","Qworld","579","1,299","4.3","Not Sponsered"
"125","Science T-Shirt – 100% Cotton Round Neck Graphic Printed T-Shirts for Men & Women, Half Sleeve T-Shirt with Formula of Biology Quote Physics, Chemistry, Computer Science, Engineering Black","Qworld","499","999","No Rating","Not Sponsered"
"126","Graphic Printed T-Shirt for Men & Women | Naruto-Sasuke t Shirts Naruto-Shippuden-Anime, Anime-Gift tee Shirt","Workshop","599","1,000","5.0","Sponsered"
"127","ONGC Logo Printed Polo/Collar Half Sleeve T-Shirt for ONGC Bank Staff Employee Promotion T Shirt for Men and Women","I AM ROMPER","499","999","4.5","Sponsered"
"128","Men's Regular Fit I Am Engineer Cotton Printed V Neck Half Sleeves Black & White T Shirt. Trending, Trendy,Pootlu, College Tshirts","OPLU","599","999","5.0","Sponsered"
"129","Stretch Fit Hat","Callaway","649","999","5.0","Sponsered"
"130","Touch My Computer I Will Cut You T-Shirt, 100% Cotton T-Shirts for Programmer, Coding, Developer, Software Mens, Round Neck T Shirts for Women, Half Sleeve Tshirt for Men","DUDEME","599","649","4.1","Sponsered"
"131","by Bodycare Men's 100% Cotton Half Sleeve Solid Round Neck T-Shirt","LIT","568","1,499","4.2","Sponsered"
"132","Men's Graphic Printed Oversized Loose Fit Heavy Cotton T-Shirt","NOBERO","552","2,499","5.0","Sponsered"
"133","Men's Round Neck Cotton Half Sleeved T-Shirt with Printed Graphics - Science It's Like Magic","Caseria","749","999","3.9","Sponsered"
"134","Men's Solid Regular Fit T-Shirt","DAMENSCH","549","999","4.3","Not Sponsered"
"135","Men Cotton Feel Super Stretchy Slim fit Polyester T Shirt","DOMIN8","849","1,299","No Rating","Not Sponsered"
"136","Mens Oversized Printed Half Sleeve Branded Cotton T-Shirt for Mens || Back Printed t Shirts for Men || Oversized t Shirts for Men","fanideaz","1,299","999","4.1","Not Sponsered"
"137","Graphic Printed T-Shirt for Men & Women | Naruto-Sasuke t Shirts Naruto-Shippuden-Anime, Anime-Gift tee Shirt","Workshop","399","999","No Rating","Not Sponsered"
"138","Science T-Shirt – 100% Cotton Round Neck Graphic Printed T-Shirts for Men & Women, Half Sleeve Love is Complex Quote Physics, Chemistry, Computer Science, Engineering (X-Large, Dark Navy)","Qworld","649","999","No Rating","Not Sponsered"
"139","Glow in Dark Avengers End Game Graphics Printed Cotton Gym Tshirt for Men","bluehaaat","599","999","4.0","Not Sponsered"
"140","Graphic Printed T-Shirt for Men & Women | Coder at Work T-Shirt Funny Quotes Geek & Nerd tees","Workshop","499","999","No Rating","Not Sponsered"
"141","Science T-Shirt – 100% Cotton Round Neck Graphic Printed T-Shirts for Men & Women, Half Sleeve T-Shirt with Formula of Biology Quote Physics, Chemistry, Computer Science, Engineering Black","Qworld","599","999","No Rating","Not Sponsered"
"142","Graphic Printed T-Shirt for Men & Women | Kakashi Hatake Sharingan T Shirts Kakashi Sensei, Anime Naruto tees","Workshop","699","649","No Rating","Not Sponsered"
"143","Science T-Shirt – 100% Cotton Round Neck Graphic Printed T-Shirts for Men & Women, Half Sleeve T-Shirt with Formula of Biology Quote Physics, Chemistry, Computer Science, Engineering Black","Qworld","697","649","4.2","Not Sponsered"
"144","Science T-Shirt – 100% Cotton Round Neck Graphic Printed T-Shirts for Men & Women, Half Sleeve with Mathematics Quote Physics, Chemistry, Computer Science, Engineering (X-Large, Dark Navy)","Qworld","499","274.50","4.1","Not Sponsered"
"145","Science T-Shirt – 100% Cotton Round Neck Graphic Printed T-Shirts for Men & Women, Half Sleeve Love is Complex Quote Physics, Chemistry, Computer Science, Engineering (Medium, Dark Navy)","Qworld","608","1,398","4.0","Not Sponsered"
"146","Men's Solid Regular Fit T-Shirt","DAMENSCH","449","1,499","4.0","Not Sponsered"
"147","Regular Fit Cotton Blend Tshirt Half Sleeve Crew Neck Comfortable Casual Lightweight Premium Vortex Elemental Breeeze Tshirts for Men Pack of 1","DAMENSCH","699","1,499","4.5","Not Sponsered"
"148","IM21 Men's Super Combed Supima Cotton Solid Round Neck Half Sleeve T-Shirt","Jockey","365","999","No Rating","Not Sponsered"
"149","Men's Solid Cotton T Shirt | Round Neck | Half Sleeve | Plain | Combo Pack of 2-Regular Fit (Available in Plus Size)","Amazon Brand - Symbol","499","999","No Rating","Not Sponsered"
"150","Men's 3 Pack Dry Fit Athletic Muscle Tank Workout Gym Shirt","NELEUS","365","999","No Rating","Not Sponsered"
"151","Diverge Black Tipping Polo Collar Pure Cotton White T-Shirt | 100% Cotton | Contrast Metal Zipper | Pique Knit | Ideal for Casual Workdays & Lounging","KINGDOM OF WHITE","349","600","No Rating","Not Sponsered"
"152","Logo Printed Polo/Collar Tata Half Sleeve T-Shirt SBI Life Insurance Staff Employee Promotion for Men Women","I AM ROMPER","499","999","No Rating","Not Sponsered"
"153","Science T-Shirt – 100% Cotton Round Neck Graphic Printed T-Shirts for Men & Women, Half Sleeve with Mathematics Quote Physics, Chemistry, Computer Science, Engineering (Medium, Dark Navy)","Qworld","499","1,999","No Rating","Not Sponsered"
"154","Science T-Shirt – 100% Cotton Round Neck Graphic Printed T-Shirts for Men & Women, Half Sleeve with GitHub Quote Physics, Chemistry, Computer Science, Engineering (Medium, Dark Navy)","Qworld","365","999","No Rating","Not Sponsered"
"155","Funny Spreadsheet T-Shirt, Relax I Have A Spreadsheet for That Tee, Office Humor Shirt, Accountant Gift, Casual Geek Tee Unisex","Seek Buy Love","499","1,000","No Rating","Sponsered"
"156","Science T-Shirt – 100% Cotton Round Neck Graphic Printed T-Shirts for Men & Women, Half Sleeve T-Shirt with Formula of Biology Quote Physics, Chemistry, Computer Science, Engineering Dark Navy","Qworld","449","699","4.1","Sponsered"
"157","Teach Love Inspire Graphic T-Shirt","Generic","499","999","5.0","Sponsered"
"158","Men's Regular Fit I Am Engineer Cotton Printed Round Neck Half Sleeves Black & White T Shirt. Trending, Trendy,Pootlu, College Tshirts","OPLU","1,049","1,999","3.9","Sponsered"
"159","While Alive Eat Sleep Code Half Sleeve 100% Cotton 180 GSM T-Shirt","DUDEME","499","899","No Rating","Not Sponsered"
"160","Breeeze Ultralight Basic Melange Half Sleeve T-Shirt","DAMENSCH","365","999","5.0","Not Sponsered"
"161","Men's Round Neck Cotton Half Sleeved T-Shirt with Printed Graphics - Math Teacher Have Problems","Caseria","499","899","4.7","Not Sponsered"
"162","Teach Love Inspire Graphic T-Shirt","Generic","399","899","No Rating","Not Sponsered"
"163","Men's Cotton T-Shirt","Young Trendz","410","999","3.9","Not Sponsered"
"164","Graphic Printed T-Shirt for Men & Women | Itachi-Akatsuki Tshirts Itachi-Uchiha-Naruto tee Anime Itachi-Uchiha Manga Shirts","Workshop","399","699","No Rating","Not Sponsered"
"165","Men's Cotton T-Shirt","Young Trendz","449","899","No Rating","Not Sponsered"
"166","Men's Cotton T-Shirt","Young Trendz","607","999","3.0","Not Sponsered"
"167","Graphic Printed T-Shirt for Men & Women | Geek T-Shirt Funny Quotes IF Found Dead Please Delete My Browser History Best Gift for Coder, geekers tees","Workshop","649","999","5.0","Not Sponsered"
"168","Kill Them with Your Success Men Half Sleeve Maroon Attitude Quotes T-Shirt (Maroon)","Crazy Punch","649","999","No Rating","Not Sponsered"
"169","Men's Cotton T-Shirt","Young Trendz","599","1,399","No Rating","Not Sponsered"
"170","Graphic Printed T-Shirt for Men & Women | Dry Humor | Half Sleeve T-Shirt | Motivational t-Shirts |Hashtag T Shirt | 100% Cotton T-Shirt | Quote T-Shirt Black","T-shirt Truck","599","999","No Rating","Not Sponsered"
"171","Men's Round Neck Cotton Half Sleeved T-Shirt with Printed Graphics - Internet Security Guard","Caseria","599","899","5.0","Not Sponsered"
"172","Graphic Printed T-Shirt for Men & Women | Gokuu T-Shirt Funny Quotes Tees","Workshop","649","999","3.0","Not Sponsered"
"173","Halo Black Collar Mandarin Pure Cotton White Full-Sleeve Tee | 100% Cotton | Contrast Collar Detailing | Perfect for Lounge & Travel","KINGDOM OF WHITE","649","1,999","No Rating","Not Sponsered"
"174","Graphic Printed T-Shirt for Men & Women | Old School | Half Sleeve T-Shirt | Motivational t-Shirts |Hashtag T Shirt | 100% Cotton T-Shirt | Quote T-Shirt White","T-shirt Truck","499","1,999","3.4","Not Sponsered"
"175","Men's Cotton T-Shirt","Young Trendz","349","899","4.6","Not Sponsered"
"176","Business Team Tshirt Collection for Men's and Women's | Office Wear Theme Black T-Shirt | Half Sleeve Round Neck Text Graphic T Shirt/Top for Men's and Women's","Brown Bro","499","1,299","No Rating","Not Sponsered"
"177","Girl's Cotton Night Suit, Printed T-Shirt & Pant Set/Girls Night Dress/Nightwear (Pack of 1, 5 Years-6 Years)","NammaBaby","499","1,045","3.1","Not Sponsered"
"178","Girl's Cotton Night Suit, Printed Pajama Set T-Shirt & Pant Set/Girls Night Dress/Nightwear (Pack of 1, 6-7 Years), Multicolor","NammaBaby","799","999","5.0","Not Sponsered"
"179","| Printed T-Shirt | Let's Play Some Fun (tshirt-09)(XXL Size) White","Khakee","449","999","No Rating","Not Sponsered"
"180","SBI Bank Logo Printed Polo/Collar Half Sleeve T-Shirt for SBI Bank Staff Employee Promotion T Shirt for Men and Women","American Apple","499","999","No Rating","Not Sponsered"
"181","Stardust Men Half Sleeve Polo Neck Cotton T-Shirt","Duke","499","999","No Rating","Not Sponsered"
"182","Science T-Shirt – 100% Cotton Round Neck Graphic Printed T-Shirts for Men & Women, Half Sleeve with Formula of Avoid Negativity Quote Physics, Chemistry, Computer Science, Engineering Black","Qworld","449","999","No Rating","Not Sponsered"
"183","Science T-Shirt – 100% Cotton Round Neck Graphic Printed T-Shirts for Men & Women, Half Sleeve with Formula of Avoid Negativity Quote Physics, Chemistry, Computer Science, Engineering Black","Qworld","499","999","No Rating","Not Sponsered"
"184","Science T-Shirt – 100% Cotton Round Neck Graphic Printed T-Shirts for Men & Women, Half Sleeve with GitHub Quote Physics, Chemistry, Computer Science, Engineering (Medium, Black)","Qworld","499","999","No Rating","Not Sponsered"
"185","Science T-Shirt – 100% Cotton Round Neck Graphic Printed T-Shirts for Men & Women, Half Sleeve with GitHub Quote Physics, Chemistry, Computer Science, Engineering (X-Large, Dark Navy)","Qworld","649","999","No Rating","Not Sponsered"
"186","Science T-Shirt – 100% Cotton Round Neck Graphic Printed T-Shirts for Men & Women, Half Sleeve Love is Complex Quote Physics, Chemistry, Computer Science, Engineering (X-Large, Black)","Qworld","748","999","No Rating","Not Sponsered"
"187","Science T-Shirt – 100% Cotton Round Neck Graphic Printed T-Shirts for Men & Women, Half Sleeve with Mathematics Quote Physics, Chemistry, Computer Science, Engineering (Large, Black)","Qworld","649","999","3.6","Not Sponsered"
"188","Science T-Shirt – 100% Cotton Round Neck Graphic Printed T-Shirts for Men & Women, Half Sleeve with Mathematics Quote Physics, Chemistry, Computer Science, Engineering (Small, Black)","Qworld","410","799","No Rating","Not Sponsered"
"189","| Deathnote Anime Naruto Ninja Copy Uchiha Clan Level 3 Sharingan Cosplay T Shirts Boys Short Students Tops Clothing Tees White","THE DUFFERS","499","1,499","No Rating","Not Sponsered"
"190","Boy's Regular Fit Tshirt","Cars","499","999","No Rating","Not Sponsered"
"191","| Anime Naruto Ninja Copy Demon King Uchiha Clan Level 3 Sharingan Cosplay T Shirts Boys Short Students Tops Clothing Tees","THE DUFFERS","568","1,000","4.2","Sponsered"
"192","Unisex Designer | br T-Shirt | HTML T-Shirt | IT t-Shirt | Engineer T- Shirt | Game T-Shirt| Information Technology T-Shirt | Breakup t-Shirt- Navy Blue","Tee Mafia","597","1,000","3.5","Sponsered"
"193","Unisex Scam 2003 T-Shirt |Netflix T-Shirts| Web Series t-Shirt| Scam 2003 t-Shirt| Comfortable t-Shirt | Cool & Trending | Funky t-Shirt Cheetah","The Tee Shop","749","999","3.6","Sponsered"
"194","Men's Round Neck Cotton Half Sleeved T-Shirt with Printed Graphics - Chemistry Jokes","Caseria","549","1,499","5.0","Sponsered"
"195","Coder & Coffee T-Shirt, 100% Cotton T-Shirts for Programmer, Coding, Developer, Software Mens, Round Neck T Shirts for Women, Half Sleeve Tshirt for Men","DUDEME","849","1,499","5.0","Sponsered"
"196","I Predict The Future T-Shirt, 100% Cotton T-Shirts for Programmer, Coding, Developer, Software Mens, Round Neck T Shirts for Women, Half Sleeve Tshirt for Men …","DUDEME","499","1,299","No Rating","Sponsered"
"197","Men's Graphic Printed Half Sleeve Cotton Customized T-Shirt - Math Teacher Lot","Caseria","410","1,999","3.7","Sponsered"
"198","1 or 3 Pack Men's Cool Dry Short Sleeve Compression Shirts, Sports Baselayer T-Shirts Tops, Athletic Workout Shirt","Sportinger","499","1,199","4.4","Sponsered"
"199","Men Cotton Feel Super Stretchy Slim fit Polyester T Shirt","DOMIN8","499","1,999","5.0","Not Sponsered"
"200","Men's Solid Regular Fit T-Shirt","DOMIN8","499","999","No Rating","Not Sponsered"
"201","Men's Camouflage Regular Fit T-Shirt","DOMIN8","499","999","No Rating","Not Sponsered"
"202","Men's Cut & Sew Regular Fit T-Shirt","DOMIN8","449
                                 
                                  .","649","4.2","Not Sponsered"
"203","Girl's Cotton Night Suit, Printed T-Shirt & Pant Set/Girls Night Dress/Nightwear (Pack of 1, 9 Years-10 Years)","NammaBaby","410","649","4.1","Not Sponsered"
"204","| Anime Naruto Ninja Copy Wheel Eye Uchiha Clan Level 3 Sharingan Cosplay T Shirts Boys Short Students Tops Clothing Tees White","THE DUFFERS","449","274.50","4.0","Not Sponsered"
"205","| Anime Naruto Ninja Copy Wheel Eye Uchiha Clan Level 3 Sharingan Cosplay T Shirts Boys Short Students Tops Clothing Tees Grey","THE DUFFERS","738","1,398","4.0","Not Sponsered"
"206","Men's Solid Regular Fit T-Shirt","DAMENSCH","399","1,499","4.5","Not Sponsered"
"207","Regular Fit Cotton Blend Tshirt Half Sleeve Crew Neck Comfortable Casual Lightweight Premium Vortex Elemental Breeeze Tshirts for Men Pack of 1","DAMENSCH","449","999","No Rating","Not Sponsered"
"208","IM21 Men's Super Combed Supima Cotton Solid Round Neck Half Sleeve T-Shirt","Jockey","449","1,999","4.0","Not Sponsered"
"209","Men's Solid Cotton T Shirt | Round Neck | Half Sleeve | Plain | Combo Pack of 2-Regular Fit (Available in Plus Size)","Amazon Brand - Symbol","399","999","No Rating","Not Sponsered"
"210","Men's 3 Pack Dry Fit Athletic Muscle Tank Workout Gym Shirt","NELEUS","499","999","No Rating","Not Sponsered"
"211","Men T-Shirt","THE DUFFERS","499","999","No Rating","Not Sponsered"
"212","Girl's Cotton Night Suit, Printed T-Shirt & Pant Set/Girls Night Dress/Nightwear (Pack of 1, 7 Years-8 Years)","NammaBaby","799","999","No Rating","Not Sponsered"
"213","| Anime Naruto Ninja Copy Demon King Uchiha Clan Level 3 Sharingan Cosplay T Shirts Boys Short Students Tops Clothing Tees White","THE DUFFERS","519","1,499.00","3.0","Not Sponsered"
"214","| Anime Deathnote Naruto Ninja Copy Wheel Eye Uchiha Clan Level 3 Sharingan Cosplay T Shirts Boyss Short Students Tops Clothing Tee White","THE DUFFERS","837","1,999","No Rating","Not Sponsered"
"215","| Anime Naruto Ninja Copy Demon King Uchiha Clan Level 3 Sharingan Cosplay T Shirts Boys Short Students Tops Clothing Tees Grey","THE DUFFERS","5,797","1,299","No Rating","Not Sponsered"
"216","Graphic Printed T-Shirt for Men & Women | Itachi-Akatsuki Tshirts Itachi-Uchiha-Naruto Pocket Print tee Anime Itachi-Uchiha Manga","Workshop","613","1,145","No Rating","Not Sponsered"
"217","Girl's Cotton Night Suit, Printed T-Shirt & Pant Set/Girls Night Dress/Nightwear (Pack of 1, 8 Years-9 Years)","NammaBaby","404","1,999","No Rating","Not Sponsered"
"218","YES Bank Logo Printed Polo/Collar Half Sleeve T-Shirt for YES Bank Staff Employee Promotion T Shirt for Men and Women","American Apple","449","1,299","No Rating","Not Sponsered"
"219","Beautiful Basics Padded Non Wired 3/4th Coverage Tshirt Bra for Women - Sargasso Sea Blue","Zivame","731","1,299","4.0","Not Sponsered"
"220","Girl's Cotton Night Suit, Printed T-Shirt & Pant Set/Girls Night Dress/Nightwear (Pack of 1, 4 Years-5 Years)","NammaBaby","399","1,999","3.7","Sponsered"
"221","ONGC Logo Printed Polo/Collar Half Sleeve T-Shirt for ONGC Bank Staff Employee Promotion T Shirt for Men and Women","American Apple","649
                       
                        .","1,000","4.1","Sponsered"
"222","ICICI Bank Logo Printed Polo/Collar Half Sleeve T-Shirt for ICICI Bank Staff Employee Promotion T Shirt for Men and Women","American Apple","449","1,000","3.9","Sponsered"
"223","Girl's Cotton Night Suit, Printed T-Shirt & Pant Set/Girls Night Dress/Nightwear (Pack of 1, 3 Years-4 Years)","NammaBaby","551","2,499","4.2","Sponsered"
"224","How People Reacts for Bug T-Shirt, 100% Cotton T-Shirts for Programmer, Coding, Developer, Software Mens, Round Neck T Shirts for Women, Half Sleeve Tshirt for Men","DUDEME","449","599","No Rating","Not Sponsered"
"225","Java Developer T-Shirt, 100% Cotton T-Shirts for Programmer, Coding, Developer, Software Mens, Round Neck T Shirts for Women, Half Sleeve Tshirt for Men","DUDEME","551","1,395","4.6","Not Sponsered"
"226","Mens Oversized Printed Half Sleeve Branded Cotton T-Shirt for Mens || Back Printed t Shirts for Men || Oversized t Shirts for Men","fanideaz","692","1,750","No Rating","Not Sponsered"
"227","Men's Solid Regular Fit T-Shirt","DAMENSCH","440","1,615","4.0","Not Sponsered"
"228","Stardust Men Polo Neck Half Sleeve Cotton T-Shirt","Duke","449","1,299","3.0","Not Sponsered"
"229","32 Degrees Mens Cool Short Sleeve Crew T-Shirt","32º DEGREES","899","1,625","No Rating","Not Sponsered"
"230","Women's Round Neck Solid Regular","SHOWOFF","354","1,999","1.0","Not Sponsered"
"231","Women's V-Neck Fitted Solid","SHOWOFF","1,215","1,299","No Rating","Not Sponsered"
"232","Muthoot Finance Logo Printed Polo/Collar Half Sleeve T-Shirt for Muthoot Finance, Staff Employee Promotion T Shirt for Men and Women","American Apple","613","1,299","No Rating","Not Sponsered"
"233","Stardust Men Full Sleeve Cotton Shirt","Duke","480","1,149","No Rating","Not Sponsered"
"234","Girl's Cotton Night Suit, Printed T-Shirt & Pant Set/Girls Night Dress/Nightwear (Pack of 1, 2 Years-3 Years)","NammaBaby","560","1,299","No Rating","Not Sponsered"
"235","Moonlight Polo Neck Metal Zipper Cotton White T-Shirt | 100% Cotton | Modern Zipper Collar Detail | Ideal for Casual Gatherings, Brunches & Semi-Formal Occasions","KINGDOM OF WHITE","746","1,149","No Rating","Not Sponsered"
"236","Union Bank Logo Printed Polo/Collar Half Sleeve T-Shirt for Union Bank Staff Employee Promotion T Shirt for Men and Women","American Apple","684","230.67","No Rating","Not Sponsered"
"237","Women Polyamide T-Shirt Bra","Clovia","438","855","3.6","Not Sponsered"
"238","ONGC Logo Printed Polo/Collar Half Sleeve T-Shirt for ONGC Bank Staff Employee Promotion T Shirt for Men and Women","American Apple","394","1,299","No Rating","Not Sponsered"
"239","Women's Polyamide Printed Padded Full Cup Wire Free T-Shirt Bra in White","Clovia","450","1,299","No Rating","Not Sponsered"
"240","Women's Moving Cotton T-Shirt Minimiser Non-Padded Bra (White_32C) Pack of 3","SONA","613","1,299","3.4","Not Sponsered"
"241","Unisex's Animal Print Regular fit T-Shirt (Pack of 5)","ZURA","675","899","No Rating","Not Sponsered"
"242","IDBI Bank Logo Printed Polo/Collar Half Sleeve T-Shirt for IDBI Bank Staff Employee Promotion T Shirt for Men and Women","American Apple","571","3,470","No Rating","Not Sponsered"
"243","Kids T-Shirt Cute Developer - Cute Alphabet Profession 100% Cotton Boy's Girl's Regular Fit Unisex T-Shirt","Heybroh","555","1,750","No Rating","Not Sponsered"
"244","BABY BOYS_GIRLS(UNISEX) CASUAL WEAR (W) 2-3 YEARS","NEW GEN","613","1,500","No Rating","Not Sponsered"
"245","Women's Round Neck Cuffed Sleeves Embellished Navy Blue Regular Top-SP-826_NavyBlue","SHOWOFF","634","1,750","No Rating","Not Sponsered"
"246","Women's High Neck Solid","SHOWOFF","449","2,130","No Rating","Not Sponsered"
"247","Women's High Neck Regular Sleeves Solid Sea Green Regular Top-AE-10650_Seagreen","SHOWOFF","499","2,280","No Rating","Not Sponsered"
"248","Women's High Neck Solid Teal Fitted Regular Top-TG-A-172_Teal","SHOWOFF","499","1,750","No Rating","Not Sponsered"
"249","Women's Printed Keyhole Neck Mauve Cinched Waist Crop Top-AE-7092_Mauve","SHOWOFF","499","1,575","No Rating","Not Sponsered"
"250","Women's V-Neck Animal Cream Regular Top_AE-10312_CREAMBLACK","SHOWOFF","599","1,500","No Rating","Not Sponsered"
"251","Women's Sweetheart Neck Solid White Crop Top_TG-220_White","SHOWOFF","449","1,750","No Rating","Not Sponsered"
"252","Women's Long Sleeves Round Neck Sea Green Dyed Top-AE-10523_Seagreen","SHOWOFF","649","2,250","No Rating","Not Sponsered"
"253","Women's Round Neck Solid Blue Crop Top-TG-8816_Blue","SHOWOFF","499","1,630","No Rating","Not Sponsered"
"254","Women's Round Neck Solid Regular","SHOWOFF","519","1,850","No Rating","Not Sponsered"
"255","Women's Round Neck Solid Blue Regular Top_AE-10130B_Blue","SHOWOFF","410","1,750","No Rating","Not Sponsered"
"256","Women's Solid Round Neck Grey Regular Crop Top-AE-10635_Grey","SHOWOFF","499","1,810","4.1","Sponsered"
"257","Women's Short Sleeves High Neck Peach Solid Top-AE-10477_Peach","SHOWOFF","499","999","No Rating","Sponsered"
"258","Women's V-Neck Solid Peach Crop Top-MW-555_Peach","SHOWOFF","568","1,000","4.5","Sponsered"
"259","Women's Scoop Neck Printed White Regular Top-AN-34-1_White","SHOWOFF","597","1,000","4.1","Sponsered"
"260","Men's Round Neck Cotton Half Sleeved T-Shirt with Printed Graphics - Science It's Like Magic","Caseria","749","1,000","No Rating","Sponsered"
"261","While Alive Eat Sleep Code Geek Printed Half Sleeve Cotton T Shirt for Men & Women","Fuda","549","999","No Rating","Sponsered"
"262","False It's Funny Because It's True T-Shirt, 100% Cotton T-Shirts for Programmer, Coding, Developer, Software Mens, Round Neck T Shirts for Women, Half Sleeve Tshirt for Men","DUDEME","849","1,299","5.0","Sponsered"
"263","While Alive Eat Sleep Code Half Sleeve 100% Cotton 180 GSM T-Shirt","DUDEME","499","1,299","4.2","Sponsered"
"264","Men's Graphic Printed Oversized Loose Fit Heavy Cotton T-Shirt","NOBERO","499","1,499","4.0","Not Sponsered"
"265","Divra Clothing Regular Fit Comfortable Pure Cotton Round Neck T-Shirt Tee for Men & Boys","HOODMASTAR","449","599","No Rating","Not Sponsered"
"266","Men's Solid Regular Fit T-Shirt","DOMIN8","410","1,999","No Rating","Not Sponsered"
"267","Men Cotton Feel Super Stretchy Slim fit Polyester T Shirt","DOMIN8","449","999","4.2","Not Sponsered"
"268","Men's Solid Regular Fit T-Shirt","DAMENSCH","738","999","4.1","Not Sponsered"
"269","Girl's Cotton Night Suit, Printed T-Shirt & Pant Set/Girls Night Dress/Nightwear (Pack of 1, 7 Years-8 Years)","NammaBaby","449","649","4.0","Not Sponsered"
"270","| Anime Naruto Ninja Copy Demon King Uchiha Clan Level 3 Sharingan Cosplay T Shirts Boys Short Students Tops Clothing Tees White","THE DUFFERS","399","649","4.0","Not Sponsered"
"271","| Anime Deathnote Naruto Ninja Copy Wheel Eye Uchiha Clan Level 3 Sharingan Cosplay T Shirts Boyss Short Students Tops Clothing Tee White","THE DUFFERS","399","274.50","4.5","Not Sponsered"
"272","Men's Solid Regular Fit T-Shirt","DAMENSCH","399","1,398","No Rating","Not Sponsered"
"273","Regular Fit Cotton Blend Tshirt Half Sleeve Crew Neck Comfortable Casual Lightweight Premium Vortex Elemental Breeeze Tshirts for Men Pack of 1","DAMENSCH","837","1,499","No Rating","Not Sponsered"
"274","IM21 Men's Super Combed Supima Cotton Solid Round Neck Half Sleeve T-Shirt","Jockey","5,797","999","No Rating","Not Sponsered"
"275","Men's Solid Cotton T Shirt | Round Neck | Half Sleeve | Plain | Combo Pack of 2-Regular Fit (Available in Plus Size)","Amazon Brand - Symbol","613","999","3.0","Not Sponsered"
"276","Men's 3 Pack Dry Fit Athletic Muscle Tank Workout Gym Shirt","NELEUS","697","1,299","No Rating","Not Sponsered"
"277","| Anime Naruto Ninja Copy Demon King Uchiha Clan Level 3 Sharingan Cosplay T Shirts Boys Short Students Tops Clothing Tees Grey","THE DUFFERS","697","1,999","No Rating","Not Sponsered"
"278","Graphic Printed T-Shirt for Men & Women | Itachi-Akatsuki Tshirts Itachi-Uchiha-Naruto Pocket Print tee Anime Itachi-Uchiha Manga","Workshop","499","1,299","No Rating","Not Sponsered"
"279","YES Bank Logo Printed Polo/Collar Half Sleeve T-Shirt for YES Bank Staff Employee Promotion T Shirt for Men and Women","American Apple","649","1,145","No Rating","Not Sponsered"
"280","Girl's Cotton Night Suit, Printed T-Shirt & Pant Set/Girls Night Dress/Nightwear (Pack of 1, 8 Years-9 Years)","NammaBaby","449","1,299","No Rating","Not Sponsered"
"281","ONGC Logo Printed Polo/Collar Half Sleeve T-Shirt for ONGC Bank Staff Employee Promotion T Shirt for Men and Women","American Apple","404","1,999","4.0","Not Sponsered"
"282","Beautiful Basics Padded Non Wired 3/4th Coverage Tshirt Bra for Women - Sargasso Sea Blue","Zivame","731","999","No Rating","Not Sponsered"
"283","ICICI Bank Logo Printed Polo/Collar Half Sleeve T-Shirt for ICICI Bank Staff Employee Promotion T Shirt for Men and Women","American Apple","399","1,999","4.6","Not Sponsered"
"284","Girl's Cotton Night Suit, Printed T-Shirt & Pant Set/Girls Night Dress/Nightwear (Pack of 1, 4 Years-5 Years)","NammaBaby","449","1,395","No Rating","Not Sponsered"
"285","Exide Life Insurance Logo Printed Polo/Collar Half Sleeve T-Shirt for Exide Life Insurance Company Staff Employee Promotion T Shirt for Men and Women","I AM ROMPER","649
                       
                        .","1,750","No Rating","Sponsered"
"286","Girl's Cotton Night Suit, Printed T-Shirt & Pant Set/Girls Night Dress/Nightwear (Pack of 1, 3 Years-4 Years)","NammaBaby","551","999","5.0","Sponsered"
"287","Stardust Men Polo Neck Half Sleeve Cotton T-Shirt","Duke","449","999","3.2","Sponsered"
"288","32 Degrees Mens Cool Short Sleeve Crew T-Shirt","32º DEGREES","551","1,000","3.7","Sponsered"
"289","Women's Round Neck Solid Regular","SHOWOFF","692","324.50","3.0","Not Sponsered"
"290","Men's Regular Fit Believe Word Cotton Graphic Printed V Neck Half Sleeves Trending, Trendy,Pootlu, College Tshirts.(Pooplu_Black_Medium)","OPLU","449","1,499","4.0","Not Sponsered"
"291","Men's Regular Fit I Am Engineer Cotton Printed V Neck Half Sleeves Black & White T Shirt. Trending, Trendy,Pootlu, College Tshirts","OPLU","440","1,299","No Rating","Not Sponsered"
"292","Devops T-Shirt, 100% Cotton T-Shirts for Programmer, Coding, Developer, Software Mens, Round Neck T Shirts for Women, Half Sleeve Tshirt for Men","DUDEME","899","1,615","1.0","Not Sponsered"
"293","Men's Cotton Polo T-Shirt Regular Fit Half Sleeve T-shirt with Pocket | Casual T-shirt for Men and Boys Combo Pack (Maroon and Sky-Blue)","SMAN","354","1,625","No Rating","Not Sponsered"
"294","Muthoot Finance Logo Printed Polo/Collar Half Sleeve T-Shirt for Muthoot Finance, Staff Employee Promotion T Shirt for Men and Women","American Apple","1,215","1,999","No Rating","Not Sponsered"
"295","Women's V-Neck Fitted Solid","SHOWOFF","613","1,299","No Rating","Not Sponsered"
"296","Stardust Men Full Sleeve Cotton Shirt","Duke","480","1,299","No Rating","Not Sponsered"
"297","Girl's Cotton Night Suit, Printed T-Shirt & Pant Set/Girls Night Dress/Nightwear (Pack of 1, 2 Years-3 Years)","NammaBaby","560","1,149","No Rating","Not Sponsered"
"298","Union Bank Logo Printed Polo/Collar Half Sleeve T-Shirt for Union Bank Staff Employee Promotion T Shirt for Men and Women","American Apple","746","1,299","No Rating","Not Sponsered"
"299","Moonlight Polo Neck Metal Zipper Cotton White T-Shirt | 100% Cotton | Modern Zipper Collar Detail | Ideal for Casual Gatherings, Brunches & Semi-Formal Occasions","KINGDOM OF WHITE","684","1,149","No Rating","Not Sponsered"
"300","Women Polyamide T-Shirt Bra","Clovia","438","230.67","3.6","Not Sponsered"
"301","ONGC Logo Printed Polo/Collar Half Sleeve T-Shirt for ONGC Bank Staff Employee Promotion T Shirt for Men and Women","American Apple","394","855","No Rating","Not Sponsered"
"302","Women's Polyamide Printed Padded Full Cup Wire Free T-Shirt Bra in White","Clovia","450","1,299","3.4","Not Sponsered"
"303","Women's Moving Cotton T-Shirt Minimiser Non-Padded Bra (White_32C) Pack of 3","SONA","613","1,299","No Rating","Not Sponsered"
"304","IDBI Bank Logo Printed Polo/Collar Half Sleeve T-Shirt for IDBI Bank Staff Employee Promotion T Shirt for Men and Women","American Apple","675","1,299","No Rating","Not Sponsered"
"305","Unisex's Animal Print Regular fit T-Shirt (Pack of 5)","ZURA","555","899","No Rating","Not Sponsered"
"306","Kids T-Shirt Cute Developer - Cute Alphabet Profession 100% Cotton Boy's Girl's Regular Fit Unisex T-Shirt","Heybroh","571","3,470","No Rating","Not Sponsered"
"307","BABY BOYS_GIRLS(UNISEX) CASUAL WEAR (W) 2-3 YEARS","NEW GEN","634","1,750","No Rating","Not Sponsered"
"308","Women's Round Neck Cuffed Sleeves Embellished Navy Blue Regular Top-SP-826_NavyBlue","SHOWOFF","613","1,500","No Rating","Not Sponsered"
"309","Women's High Neck Solid","SHOWOFF","525","1,750","No Rating","Not Sponsered"
"310","Women's High Neck Regular Sleeves Solid Sea Green Regular Top-AE-10650_Seagreen","SHOWOFF","588","2,130","No Rating","Not Sponsered"
"311","Women's High Neck Solid Teal Fitted Regular Top-TG-A-172_Teal","SHOWOFF","658","2,280","No Rating","Not Sponsered"
"312","Women's Printed Keyhole Neck Mauve Cinched Waist Crop Top-AE-7092_Mauve","SHOWOFF","799","1,750","No Rating","Not Sponsered"
"313","Women's V-Neck Animal Cream Regular Top_AE-10312_CREAMBLACK","SHOWOFF","499","1,575","No Rating","Not Sponsered"
"314","Women's Sweetheart Neck Solid White Crop Top_TG-220_White","SHOWOFF","499","1,500","No Rating","Not Sponsered"
"315","Women's Long Sleeves Round Neck Sea Green Dyed Top-AE-10523_Seagreen","SHOWOFF","1,529","1,750","No Rating","Not Sponsered"
"316","Women's Round Neck Solid Blue Crop Top-TG-8816_Blue","SHOWOFF","499","2,250","No Rating","Not Sponsered"
"317","Women's Round Neck Solid Regular","SHOWOFF","No Price","1,850","No Rating","Not Sponsered"
"318","Women's Round Neck Solid Blue Regular Top_AE-10130B_Blue","SHOWOFF","No Price","1,630","No Rating","Not Sponsered"
"319","Women's Short Sleeves High Neck Peach Solid Top-AE-10477_Peach","SHOWOFF","No Price","1,810","No Rating","Not Sponsered"
"320","Women's Solid Round Neck Grey Regular Crop Top-AE-10635_Grey","SHOWOFF","No Price","1,750","No Rating","Not Sponsered"
"321","Women's Scoop Neck Printed White Regular Top-AN-34-1_White","SHOWOFF","No Price","1,500","3.9","Sponsered"
"322","Women's V-Neck Solid Peach Crop Top-MW-555_Peach","SHOWOFF","No Price","1,960","3.7","Sponsered"
"323","Women's Round Neck Regular Sleeves Typography Cinched Waist White Crop Top-AE-10631_White","SHOWOFF","No Price","1,880","4.7","Sponsered"
"324","Women's Round Neck Solid Mustard Regular Top-RY-5170_Mustard","SHOWOFF","No Price","2,499","No Rating","Sponsered"
"325","Women's V-Neck Solid Blue Fitted Regular Top-AN-09_Blue","SHOWOFF","No Price","1,000","No Rating","No information"
"326","Mens Oversized Printed Half Sleeve Branded Cotton T-Shirt for Mens || Back Printed t Shirts for Men || Oversized t Shirts for Men","fanideaz","No Price","1,000","No Rating","No information"
"327","How People Reacts for Bug T-Shirt, 100% Cotton T-Shirts for Programmer, Coding, Developer, Software Mens, Round Neck T Shirts for Women, Half Sleeve Tshirt for Men","DUDEME","No Price","1,699","No Rating","No information"
"328","in Case of Fire T-Shirt, 100% Cotton T-Shirts for Programmer, Coding, Developer, Software Mens, Round Neck T Shirts for Women, Half Sleeve Tshirt for Men","DUDEME","No Price","1,499","No Rating","No information"
"329","Core Polo - 240 GSM Pique Cotton Tshirts","LUDIC","No Price","No Price","No Rating","No information"
"330","1 or 3 Pack Men's Cool Dry Short Sleeve Compression Shirts, Sports Baselayer T-Shirts Tops, Athletic Workout Shirt","Sportinger","No Price","No Price","No Rating","No information"
